#{"t_start": 1774123683.3741262, "env_id": "ALE/Breakout-v5"}
r,l,t
0.0,5,0.29357
0.0,2,0.398674
0.0,2,0.544661
