#{"t_start": 1774042028.968633, "env_id": "ALE/Breakout-v5"}
r,l,t
4.0,41,0.183879
0.0,2,0.208175
0.0,2,0.23228
