#{"t_start": 1774121579.7421656, "env_id": "ALE/Breakout-v5"}
r,l,t
2.0,24,0.952286
0.0,7,1.192513
1.0,12,1.411621
