#{"t_start": 1774175972.705817, "env_id": "ALE/Breakout-v5"}
r,l,t
0.0,5,0.030469
2.0,18,0.080635
0.0,6705,14.958102
