#{"t_start": 1774041110.6400788, "env_id": "ALE/Breakout-v5"}
r,l,t
5.0,51,0.232138
2.0,20,0.323457
0.0,2,0.34599
