#{"t_start": 1774042676.3882005, "env_id": "ALE/Breakout-v5"}
r,l,t
5.0,51,0.218545
0.0,2,0.242654
0.0,2,0.266215
