#{"t_start": 1774176624.8643231, "env_id": "ALE/Breakout-v5"}
r,l,t
1.0,12,0.040698
0.0,2,0.053865
0.0,2,0.066522
