#{"t_start": 1774041714.6971927, "env_id": "ALE/Breakout-v5"}
r,l,t
6.0,57,0.256862
0.0,2,0.280679
0.0,2,0.307167
