#{"t_start": 1774044624.5817556, "env_id": "ALE/Breakout-v5"}
r,l,t
0.0,5,0.048453
0.0,2,0.07428
0.0,2,0.098875
