#{"t_start": 1774175914.411201, "env_id": "ALE/Breakout-v5"}
r,l,t
0.0,5,0.022985
2.0,18,0.073873
0.0,7,0.099674
