#{"t_start": 1774121333.5630736, "env_id": "ALE/Breakout-v5"}
r,l,t
0.0,5,0.481305
0.0,2,0.585435
1.0,13,0.969392
