#{"t_start": 1774044004.6400802, "env_id": "ALE/Breakout-v5"}
r,l,t
6.0,57,0.229153
0.0,2,0.25183
0.0,2,0.273697
