#{"t_start": 1774043061.90237, "env_id": "ALE/Breakout-v5"}
r,l,t
5.0,51,0.223225
0.0,2382,10.042862
0.0,4295,27.222316
