#{"t_start": 1774176371.053652, "env_id": "ALE/Breakout-v5"}
r,l,t
0.0,5,0.023459
0.0,2,0.036825
0.0,2,0.049823
