#{"t_start": 1774123447.080051, "env_id": "ALE/Breakout-v5"}
r,l,t
0.0,5,0.291238
2.0,20,0.848685
0.0,2,0.981081
