#{"t_start": 1774121088.0653837, "env_id": "ALE/Breakout-v5"}
r,l,t
2.0,23,0.6458
0.0,2,0.741853
0.0,2,0.838892
