#{"t_start": 1774041413.468374, "env_id": "ALE/Breakout-v5"}
r,l,t
4.0,37,0.174113
2.0,23,0.294551
3.0,40,0.494368
