#{"t_start": 1774176334.351776, "env_id": "ALE/Breakout-v5"}
r,l,t
0.0,5,0.029366
1.0,11,0.066067
1.0,14,0.108584
