#{"t_start": 1774176047.4848719, "env_id": "ALE/Breakout-v5"}
r,l,t
0.0,5,0.024457
2.0,18,0.076904
0.0,10,0.11043
