#{"t_start": 1774122069.133558, "env_id": "ALE/Breakout-v5"}
r,l,t
0.0,5,0.25324
2.0,18,0.795292
0.0,10,1.062086
