#{"t_start": 1774123137.2925422, "env_id": "ALE/Breakout-v5"}
r,l,t
0.0,5,0.287958
0.0,2,0.660658
0.0,2,0.784421
