#{"t_start": 1774121827.0109053, "env_id": "ALE/Breakout-v5"}
r,l,t
2.0,23,0.716234
0.0,10,1.009736
1.0,12,1.329385
