#{"t_start": 1774042341.379583, "env_id": "ALE/Breakout-v5"}
r,l,t
1.0,12,0.08281
0.0,2,0.108788
0.0,2,0.132135
