#{"t_start": 1774043707.4343505, "env_id": "ALE/Breakout-v5"}
r,l,t
0.0,5,0.051096
1.0,16,0.126458
0.0,2,0.148008
