#{"t_start": 1774176124.02244, "env_id": "ALE/Breakout-v5"}
r,l,t
0.0,5,0.026286
4.0,38,0.119404
0.0,2,0.132009
