#{"t_start": 1774176431.4582489, "env_id": "ALE/Breakout-v5"}
r,l,t
0.0,5,0.028519
2.0,20,0.091784
0.0,2,0.106441
