#{"t_start": 1774175855.899891, "env_id": "ALE/Breakout-v5"}
r,l,t
0.0,5,0.026733
0.0,2,0.039327
0.0,2,0.052566
