#{"t_start": 1774122892.3825762, "env_id": "ALE/Breakout-v5"}
r,l,t
4.0,45,1.010383
0.0,2,1.126273
0.0,2,1.228215
