#{"t_start": 1774043386.9703262, "env_id": "ALE/Breakout-v5"}
r,l,t
4.0,41,0.285323
0.0,2,0.324247
1.0,15,0.4405
