#{"t_start": 1774122398.524873, "env_id": "ALE/Breakout-v5"}
r,l,t
4.0,45,1.28901
0.0,2,1.825096
0.0,2,1.929168
