#{"t_start": 1774176136.3665469, "env_id": "ALE/Breakout-v5"}
r,l,t
0.0,5,0.027866
0.0,2,0.042026
2.0,20,0.100765
